tie shoes, 2032329302392032































do homework, 203920329320392































quiz,29































hello,1639288920































PLEASE WORK,1639577700















work,1639620900







test#1,1610735400



hello,1638529260

:),1638211140
